station,connecting_line,connecting_lineLabel,coordinate_location,stationLabel
http://www.wikidata.org/entity/Q65073403,http://www.wikidata.org/entity/Q5245848,Linha 9 do Trem Metropolitano de São Paulo,Point(-46.70269 -23.622486),Morumbi
http://www.wikidata.org/entity/Q85805078,http://www.wikidata.org/entity/Q588499,Linha 2 do Metrô de São Paulo,Point(-46.588055555 -23.594444444),Tamanduateí
http://www.wikidata.org/entity/Q5908613,http://www.wikidata.org/entity/Q3308465,Linha 5 do Metrô de São Paulo,Point(-46.65237 -23.59782),Estação AACD-Servidor
http://www.wikidata.org/entity/Q4684268,http://www.wikidata.org/entity/Q3308465,Linha 5 do Metrô de São Paulo,Point(-46.704 -23.650194444),Estação Adolfo Pinheiro
http://www.wikidata.org/entity/Q18475239,http://www.wikidata.org/entity/Q6553067,Linha 13 do Trem Metropolitano de São Paulo,Point(-46.4937 -23.4325),Estação Aeroporto–Guarulhos
http://www.wikidata.org/entity/Q2883491,http://www.wikidata.org/entity/Q3308465,Linha 5 do Metrô de São Paulo,Point(-46.699722222 -23.641944444),Estação Alto da Boa Vista
http://www.wikidata.org/entity/Q4736839,http://www.wikidata.org/entity/Q588499,Linha 2 do Metrô de São Paulo,Point(-46.612608 -23.602178),Estação Alto do Ipiranga
http://www.wikidata.org/entity/Q10344485,http://www.wikidata.org/entity/Q3296720,Linha 8 do Trem Metropolitano de São Paulo,Point(-46.9863 -23.5311),Estação Amador Bueno
http://www.wikidata.org/entity/Q10344486,http://www.wikidata.org/entity/Q3296720,Linha 8 do Trem Metropolitano de São Paulo,Point(-46.97278 -23.529861),Estação Ambuitá
http://www.wikidata.org/entity/Q4750505,http://www.wikidata.org/entity/Q3362568,Linha 1 do Metrô de São Paulo,Point(-46.63847 -23.58125),Estação Ana Rosa
http://www.wikidata.org/entity/Q4750505,http://www.wikidata.org/entity/Q588499,Linha 2 do Metrô de São Paulo,Point(-46.63847 -23.58125),Estação Ana Rosa
http://www.wikidata.org/entity/Q4764340,http://www.wikidata.org/entity/Q3294315,Linha 3 do Metrô de São Paulo,Point(-46.639345 -23.547917),Estação Anhangabaú
http://www.wikidata.org/entity/Q10275567,http://www.wikidata.org/entity/Q5245830,Linha 11 do Trem Metropolitano de São Paulo,Point(-46.383686944 -23.554358888),Estação Antônio Gianetti Neto
http://www.wikidata.org/entity/Q10275570,http://www.wikidata.org/entity/Q3296720,Linha 8 do Trem Metropolitano de São Paulo,Point(-46.85872 -23.51688),Estação Antônio João
http://www.wikidata.org/entity/Q10275571,http://www.wikidata.org/entity/Q5245789,Linha 12 do Trem Metropolitano de São Paulo,Point(-46.339034 -23.499661),Estação Aracaré
http://www.wikidata.org/entity/Q5244779,http://www.wikidata.org/entity/Q3362568,Linha 1 do Metrô de São Paulo,Point(-46.629163 -23.525392),Estação Armênia
http://www.wikidata.org/entity/Q4801591,http://www.wikidata.org/entity/Q3294315,Linha 3 do Metrô de São Paulo,Point(-46.484265 -23.54055),Estação Artur Alvim
http://www.wikidata.org/entity/Q10275586,http://www.wikidata.org/entity/Q5245848,Linha 9 do Trem Metropolitano de São Paulo,Point(-46.6883 -23.7061),Estação Autódromo
http://www.wikidata.org/entity/Q8778904,http://www.wikidata.org/entity/Q3296728,Linha 7 do Trem Metropolitano de São Paulo,Point(-46.7233 -23.3096),Estação Baltazar Fidélis
http://www.wikidata.org/entity/Q10275595,http://www.wikidata.org/entity/Q3296720,Linha 8 do Trem Metropolitano de São Paulo,Point(-46.87508 -23.51259),Estação Barueri
http://www.wikidata.org/entity/Q4884965,http://www.wikidata.org/entity/Q3294315,Linha 3 do Metrô de São Paulo,Point(-46.58952 -23.543216),Estação Belém
http://www.wikidata.org/entity/Q10275601,http://www.wikidata.org/entity/Q5245848,Linha 9 do Trem Metropolitano de São Paulo,Point(-46.69678 -23.60469),Estação Berrini
http://www.wikidata.org/entity/Q4944343,http://www.wikidata.org/entity/Q3308465,Linha 5 do Metrô de São Paulo,Point(-46.69288 -23.63346),Estação Borba Gato
http://www.wikidata.org/entity/Q11681623,http://www.wikidata.org/entity/Q3296728,Linha 7 do Trem Metropolitano de São Paulo,Point(-46.7674 -23.236),Estação Botujuru
http://www.wikidata.org/entity/Q10275612,http://www.wikidata.org/entity/Q5245830,Linha 11 do Trem Metropolitano de São Paulo,Point(-46.22522 -23.53624),Estação Braz Cubas
http://www.wikidata.org/entity/Q4961886,http://www.wikidata.org/entity/Q3294315,Linha 3 do Metrô de São Paulo,Point(-46.60715 -23.54636),Estação Bresser-Mooca
http://www.wikidata.org/entity/Q2925324,http://www.wikidata.org/entity/Q588499,Linha 2 do Metrô de São Paulo,Point(-46.648035 -23.568098),Estação Brigadeiro
http://www.wikidata.org/entity/Q4974689,http://www.wikidata.org/entity/Q3308465,Linha 5 do Metrô de São Paulo,Point(-46.688305555 -23.627111111),Estação Brooklin
http://www.wikidata.org/entity/Q18475676,http://www.wikidata.org/entity/Q5245848,Linha 9 do Trem Metropolitano de São Paulo,Point(-46.710021 -23.755808),Estação Bruno Covas/Mendes-Vila Natal
http://www.wikidata.org/entity/Q107232685,http://www.wikidata.org/entity/Q3294315,Linha 3 do Metrô de São Paulo,Point(-46.615881 -23.547826),Estação Brás
http://www.wikidata.org/entity/Q9295692,http://www.wikidata.org/entity/Q6553067,Linha 13 do Trem Metropolitano de São Paulo,Point(-46.61634 -23.54504),Estação Brás
http://www.wikidata.org/entity/Q9295692,http://www.wikidata.org/entity/Q5245830,Linha 11 do Trem Metropolitano de São Paulo,Point(-46.61634 -23.54504),Estação Brás
http://www.wikidata.org/entity/Q9295692,http://www.wikidata.org/entity/Q5245819,Linha 10 do Trem Metropolitano de São Paulo,Point(-46.61634 -23.54504),Estação Brás
http://www.wikidata.org/entity/Q9295692,http://www.wikidata.org/entity/Q5245789,Linha 12 do Trem Metropolitano de São Paulo,Point(-46.61634 -23.54504),Estação Brás
http://www.wikidata.org/entity/Q9295692,http://www.wikidata.org/entity/Q3296728,Linha 7 do Trem Metropolitano de São Paulo,Point(-46.61634 -23.54504),Estação Brás
http://www.wikidata.org/entity/Q5002360,http://www.wikidata.org/entity/Q3308457,Linha 4 do Metrô de São Paulo,Point(-46.70814 -23.57182),Estação Butantã
http://www.wikidata.org/entity/Q5556392,http://www.wikidata.org/entity/Q3296728,Linha 7 do Trem Metropolitano de São Paulo,Point(-46.75148455 -23.36619377),Estação Caieiras
http://www.wikidata.org/entity/Q10275620,http://www.wikidata.org/entity/Q5245830,Linha 11 do Trem Metropolitano de São Paulo,Point(-46.33277 -23.52545),Estação Calmon Viana
http://www.wikidata.org/entity/Q10275620,http://www.wikidata.org/entity/Q5245789,Linha 12 do Trem Metropolitano de São Paulo,Point(-46.33277 -23.52545),Estação Calmon Viana
http://www.wikidata.org/entity/Q18475274,http://www.wikidata.org/entity/Q5430612,Linha 15 do Metrô de São Paulo,Point(-46.537678 -23.595354),Estação Camilo Haddad
http://www.wikidata.org/entity/Q8076578,http://www.wikidata.org/entity/Q3308465,Linha 5 do Metrô de São Paulo,Point(-46.68251 -23.61881),Estação Campo Belo
http://www.wikidata.org/entity/Q5028448,http://www.wikidata.org/entity/Q3308465,Linha 5 do Metrô de São Paulo,Point(-46.759148 -23.649374),Estação Campo Limpo
http://www.wikidata.org/entity/Q8778920,http://www.wikidata.org/entity/Q3296728,Linha 7 do Trem Metropolitano de São Paulo,Point(-46.7859 -23.2063),Estação Campo Limpo Paulista
http://www.wikidata.org/entity/Q10275627,http://www.wikidata.org/entity/Q5245819,Linha 10 do Trem Metropolitano de São Paulo,Point(-46.490096 -23.658357),Estação Capuava
http://www.wikidata.org/entity/Q5037175,http://www.wikidata.org/entity/Q3308465,Linha 5 do Metrô de São Paulo,Point(-46.768177 -23.659251),Estação Capão Redondo
http://www.wikidata.org/entity/Q5037696,http://www.wikidata.org/entity/Q3362568,Linha 1 do Metrô de São Paulo,Point(-46.624904 -23.509662),Estação Carandiru
http://www.wikidata.org/entity/Q10275630,http://www.wikidata.org/entity/Q3296720,Linha 8 do Trem Metropolitano de São Paulo,Point(-46.83531 -23.51854),Estação Carapicuíba
http://www.wikidata.org/entity/Q5046842,http://www.wikidata.org/entity/Q3294315,Linha 3 do Metrô de São Paulo,Point(-46.563513 -23.537599),Estação Carrão
http://www.wikidata.org/entity/Q10275638,http://www.wikidata.org/entity/Q5245848,Linha 9 do Trem Metropolitano de São Paulo,Point(-46.742604 -23.537412),Estação Ceasa
http://www.wikidata.org/entity/Q5118642,http://www.wikidata.org/entity/Q3308465,Linha 5 do Metrô de São Paulo,Point(-46.63061 -23.59262),Estação Chácara Klabin
http://www.wikidata.org/entity/Q5118642,http://www.wikidata.org/entity/Q588499,Linha 2 do Metrô de São Paulo,Point(-46.63061 -23.59262),Estação Chácara Klabin
http://www.wikidata.org/entity/Q10275649,http://www.wikidata.org/entity/Q5245848,Linha 9 do Trem Metropolitano de São Paulo,Point(-46.6910362 -23.5853404),Estação Cidade Jardim
http://www.wikidata.org/entity/Q10275651,http://www.wikidata.org/entity/Q5245848,Linha 9 do Trem Metropolitano de São Paulo,Point(-46.711764 -23.557639),Estação Cidade Universitária
http://www.wikidata.org/entity/Q5137302,http://www.wikidata.org/entity/Q588499,Linha 2 do Metrô de São Paulo,Point(-46.670603 -23.55431),Estação Clínicas
http://www.wikidata.org/entity/Q10275659,http://www.wikidata.org/entity/Q3296720,Linha 8 do Trem Metropolitano de São Paulo,Point(-46.795694444 -23.525722222),Estação Comandante Sampaio
http://www.wikidata.org/entity/Q10275661,http://www.wikidata.org/entity/Q5245789,Linha 12 do Trem Metropolitano de São Paulo,Point(-46.482339 -23.485098),Estação Comendador Ermelino
http://www.wikidata.org/entity/Q5158299,http://www.wikidata.org/entity/Q3362568,Linha 1 do Metrô de São Paulo,Point(-46.641142 -23.636209),Estação Conceição
http://www.wikidata.org/entity/Q2994646,http://www.wikidata.org/entity/Q588499,Linha 2 do Metrô de São Paulo,Point(-46.66091 -23.557516),Estação Consolação
http://www.wikidata.org/entity/Q10275693,http://www.wikidata.org/entity/Q5245830,Linha 11 do Trem Metropolitano de São Paulo,Point(-46.44813 -23.54177),Estação Dom Bosco
http://www.wikidata.org/entity/Q10275692,http://www.wikidata.org/entity/Q3296720,Linha 8 do Trem Metropolitano de São Paulo,Point(-46.72162 -23.51879),Estação Domingos de Moraes
http://www.wikidata.org/entity/Q10275732,http://www.wikidata.org/entity/Q3296720,Linha 8 do Trem Metropolitano de São Paulo,Point(-46.92868 -23.5352),Estação Engenheiro Cardoso
http://www.wikidata.org/entity/Q10275733,http://www.wikidata.org/entity/Q6553067,Linha 13 do Trem Metropolitano de São Paulo,Point(-46.52 -23.498056),Estação Engenheiro Goulart
http://www.wikidata.org/entity/Q10275733,http://www.wikidata.org/entity/Q5245789,Linha 12 do Trem Metropolitano de São Paulo,Point(-46.52 -23.498056),Estação Engenheiro Goulart
http://www.wikidata.org/entity/Q10275731,http://www.wikidata.org/entity/Q5245789,Linha 12 do Trem Metropolitano de São Paulo,Point(-46.368114 -23.479509),Estação Engenheiro Manuel Feio
http://www.wikidata.org/entity/Q10275745,http://www.wikidata.org/entity/Q5245830,Linha 11 do Trem Metropolitano de São Paulo,Point(-46.18505 -23.51574),Estação Estudantes
http://www.wikidata.org/entity/Q8779010,http://www.wikidata.org/entity/Q3308465,Linha 5 do Metrô de São Paulo,Point(-46.66861 -23.60979),Estação Eucaliptos
http://www.wikidata.org/entity/Q5435213,http://www.wikidata.org/entity/Q3308457,Linha 4 do Metrô de São Paulo,Point(-46.693826 -23.56677),Estação Faria Lima
http://www.wikidata.org/entity/Q18475332,http://www.wikidata.org/entity/Q5430612,Linha 15 do Metrô de São Paulo,Point(-46.48749 -23.61182),Estação Fazenda da Juta
http://www.wikidata.org/entity/Q10275758,http://www.wikidata.org/entity/Q5245830,Linha 11 do Trem Metropolitano de São Paulo,Point(-46.368731111 -23.540998055),Estação Ferraz de Vasconcelos
http://www.wikidata.org/entity/Q5477606,http://www.wikidata.org/entity/Q3308457,Linha 4 do Metrô de São Paulo,Point(-46.684167 -23.566111),Estação Fradique Coutinho
http://www.wikidata.org/entity/Q8778984,http://www.wikidata.org/entity/Q3296728,Linha 7 do Trem Metropolitano de São Paulo,Point(-46.7422 -23.2817),Estação Francisco Morato
http://www.wikidata.org/entity/Q48855762,http://www.wikidata.org/entity/Q3296728,Linha 7 do Trem Metropolitano de São Paulo,Point(-46.72642 -23.32979),Estação Franco da Rocha
http://www.wikidata.org/entity/Q10275824,http://www.wikidata.org/entity/Q3296720,Linha 8 do Trem Metropolitano de São Paulo,Point(-46.815638888 -23.5235),Estação General Miguel Costa
http://www.wikidata.org/entity/Q5563882,http://www.wikidata.org/entity/Q3308465,Linha 5 do Metrô de São Paulo,Point(-46.734247 -23.643964),Estação Giovanni Gronchi
http://www.wikidata.org/entity/Q10275832,http://www.wikidata.org/entity/Q5245848,Linha 9 do Trem Metropolitano de São Paulo,Point(-46.696944444 -23.7365),Estação Grajaú
http://www.wikidata.org/entity/Q10275834,http://www.wikidata.org/entity/Q5245848,Linha 9 do Trem Metropolitano de São Paulo,Point(-46.712 -23.6275),Estação Granja Julieta
http://www.wikidata.org/entity/Q10275835,http://www.wikidata.org/entity/Q5245830,Linha 11 do Trem Metropolitano de São Paulo,Point(-46.4156 -23.54231),Estação Guaianases
http://www.wikidata.org/entity/Q10275838,http://www.wikidata.org/entity/Q5245819,Linha 10 do Trem Metropolitano de São Paulo,Point(-46.448532 -23.692172),Estação Guapituba
http://www.wikidata.org/entity/Q18475595,http://www.wikidata.org/entity/Q6553067,Linha 13 do Trem Metropolitano de São Paulo,Point(-46.493333 -23.448611),Estação Guarulhos-Cecap
http://www.wikidata.org/entity/Q5615996,http://www.wikidata.org/entity/Q3294315,Linha 3 do Metrô de São Paulo,Point(-46.516553 -23.529292),Estação Guilhermina-Esperança
http://www.wikidata.org/entity/Q10275851,http://www.wikidata.org/entity/Q5245848,Linha 9 do Trem Metropolitano de São Paulo,Point(-46.6985866 -23.5736821),Estação Hebraica-Rebouças
http://www.wikidata.org/entity/Q8779002,http://www.wikidata.org/entity/Q3308457,Linha 4 do Metrô de São Paulo,Point(-46.652305555 -23.549138888),Estação Higienópolis-Mackenzie
http://www.wikidata.org/entity/Q7929982,http://www.wikidata.org/entity/Q3308465,Linha 5 do Metrô de São Paulo,Point(-46.64559 -23.59838),Estação Hospital São Paulo
http://www.wikidata.org/entity/Q10275869,http://www.wikidata.org/entity/Q3296720,Linha 8 do Trem Metropolitano de São Paulo,Point(-46.737462 -23.523779),Estação Imperatriz Leopoldina
http://www.wikidata.org/entity/Q10275874,http://www.wikidata.org/entity/Q5245819,Linha 10 do Trem Metropolitano de São Paulo,Point(-46.5965849 -23.5825036),Estação Ipiranga
http://www.wikidata.org/entity/Q10275880,http://www.wikidata.org/entity/Q5245789,Linha 12 do Trem Metropolitano de São Paulo,Point(-46.402264 -23.493988),Estação Itaim Paulista
http://www.wikidata.org/entity/Q10275882,http://www.wikidata.org/entity/Q3296720,Linha 8 do Trem Metropolitano de São Paulo,Point(-46.93525 -23.54554),Estação Itapevi
http://www.wikidata.org/entity/Q10275883,http://www.wikidata.org/entity/Q5245789,Linha 12 do Trem Metropolitano de São Paulo,Point(-46.348518 -23.485703),Estação Itaquaquecetuba
http://www.wikidata.org/entity/Q10275886,http://www.wikidata.org/entity/Q3296720,Linha 8 do Trem Metropolitano de São Paulo,Point(-46.9026 -23.52776),Estação Jandira
http://www.wikidata.org/entity/Q6541063,http://www.wikidata.org/entity/Q3362568,Linha 1 do Metrô de São Paulo,Point(-46.635654 -23.554772),Estação Japão - Liberdade
http://www.wikidata.org/entity/Q8779018,http://www.wikidata.org/entity/Q3296728,Linha 7 do Trem Metropolitano de São Paulo,Point(-46.7388 -23.4551),Estação Jaraguá
http://www.wikidata.org/entity/Q10275888,http://www.wikidata.org/entity/Q3296720,Linha 8 do Trem Metropolitano de São Paulo,Point(-46.88929 -23.51402),Estação Jardim Belval
http://www.wikidata.org/entity/Q65173157,http://www.wikidata.org/entity/Q5430612,Linha 15 do Metrô de São Paulo,Point(-46.46908 -23.59916),Estação Jardim Colonial
http://www.wikidata.org/entity/Q10275890,http://www.wikidata.org/entity/Q5245789,Linha 12 do Trem Metropolitano de São Paulo,Point(-46.4211309 -23.492719),Estação Jardim Helena-Vila Mara
http://www.wikidata.org/entity/Q19707230,http://www.wikidata.org/entity/Q5430612,Linha 15 do Metrô de São Paulo,Point(-46.507144 -23.607142),Estação Jardim Planalto
http://www.wikidata.org/entity/Q10275891,http://www.wikidata.org/entity/Q5245789,Linha 12 do Trem Metropolitano de São Paulo,Point(-46.3855487 -23.4849259),Estação Jardim Romano
http://www.wikidata.org/entity/Q10275894,http://www.wikidata.org/entity/Q3296720,Linha 8 do Trem Metropolitano de São Paulo,Point(-46.89354 -23.52357),Estação Jardim Silveira
http://www.wikidata.org/entity/Q5244694,http://www.wikidata.org/entity/Q3362568,Linha 1 do Metrô de São Paulo,Point(-46.617109 -23.492473),Estação Jardim São Paulo-Ayrton Senna
http://www.wikidata.org/entity/Q10275901,http://www.wikidata.org/entity/Q5245830,Linha 11 do Trem Metropolitano de São Paulo,Point(-46.43167 -23.53912),Estação José Bonifácio
http://www.wikidata.org/entity/Q109476499,http://www.wikidata.org/entity/Q5245848,Linha 9 do Trem Metropolitano de São Paulo,Point(-46.723333333 -23.640555555),Estação João Dias
http://www.wikidata.org/entity/Q10275905,http://www.wikidata.org/entity/Q5245830,Linha 11 do Trem Metropolitano de São Paulo,Point(-46.2566 -23.5432),Estação Jundiapeba
http://www.wikidata.org/entity/Q2919494,http://www.wikidata.org/entity/Q10278819,Expresso Turístico,Point(-46.87243618 -23.1951116),Estação Jundiaí
http://www.wikidata.org/entity/Q2919494,http://www.wikidata.org/entity/Q3296728,Linha 7 do Trem Metropolitano de São Paulo,Point(-46.87243618 -23.1951116),Estação Jundiaí
http://www.wikidata.org/entity/Q10275904,http://www.wikidata.org/entity/Q5245848,Linha 9 do Trem Metropolitano de São Paulo,Point(-46.7022 -23.677425),Estação Jurubatuba
http://www.wikidata.org/entity/Q10275993,http://www.wikidata.org/entity/Q5245819,Linha 10 do Trem Metropolitano de São Paulo,Point(-46.608827 -23.557157),Estação Juventus-Mooca
http://www.wikidata.org/entity/Q3297457,http://www.wikidata.org/entity/Q3296720,Linha 8 do Trem Metropolitano de São Paulo,Point(-46.639587 -23.534803),Estação Júlio Prestes
http://www.wikidata.org/entity/Q8779041,http://www.wikidata.org/entity/Q3296728,Linha 7 do Trem Metropolitano de São Paulo,Point(-46.7051 -23.5175),Estação Lapa (Linha 7)
http://www.wikidata.org/entity/Q10275927,http://www.wikidata.org/entity/Q3296720,Linha 8 do Trem Metropolitano de São Paulo,Point(-46.698917 -23.520109),Estação Lapa (Linha 8)
http://www.wikidata.org/entity/Q6489291,http://www.wikidata.org/entity/Q3308465,Linha 5 do Metrô de São Paulo,Point(-46.710343 -23.654524),Estação Largo Treze
http://www.wikidata.org/entity/Q15243160,http://www.wikidata.org/entity/Q3362568,Linha 1 do Metrô de São Paulo,Point(-46.63361 -23.537629),Estação Luz
http://www.wikidata.org/entity/Q15243160,http://www.wikidata.org/entity/Q3308457,Linha 4 do Metrô de São Paulo,Point(-46.63361 -23.537629),Estação Luz
http://www.wikidata.org/entity/Q6758759,http://www.wikidata.org/entity/Q3294315,Linha 3 do Metrô de São Paulo,Point(-46.655814 -23.533862),Estação Marechal Deodoro
http://www.wikidata.org/entity/Q10275973,http://www.wikidata.org/entity/Q5245819,Linha 10 do Trem Metropolitano de São Paulo,Point(-46.461616 -23.668095),Estação Mauá
http://www.wikidata.org/entity/Q6890218,http://www.wikidata.org/entity/Q3308465,Linha 5 do Metrô de São Paulo,Point(-46.661944444 -23.603611111),Estação Moema
http://www.wikidata.org/entity/Q10275990,http://www.wikidata.org/entity/Q5245830,Linha 11 do Trem Metropolitano de São Paulo,Point(-46.19785 -23.52149),Estação Mogi das Cruzes
http://www.wikidata.org/entity/Q10276020,http://www.wikidata.org/entity/Q5430612,Linha 15 do Metrô de São Paulo,Point(-46.561944444 -23.582222222),Estação Oratório
http://www.wikidata.org/entity/Q10276021,http://www.wikidata.org/entity/Q5245848,Linha 9 do Trem Metropolitano de São Paulo,Point(-46.775972222 -23.527666666),Estação Osasco
http://www.wikidata.org/entity/Q10276021,http://www.wikidata.org/entity/Q3296720,Linha 8 do Trem Metropolitano de São Paulo,Point(-46.775972222 -23.527666666),Estação Osasco
http://www.wikidata.org/entity/Q8779071,http://www.wikidata.org/entity/Q3308457,Linha 4 do Metrô de São Paulo,Point(-46.6720982 -23.560865),Estação Oscar Freire
http://www.wikidata.org/entity/Q15265202,http://www.wikidata.org/entity/Q3294315,Linha 3 do Metrô de São Paulo,Point(-46.667358 -23.525505),Estação Palmeiras-Barra Funda (Metrô)
http://www.wikidata.org/entity/Q5244856,http://www.wikidata.org/entity/Q3362568,Linha 1 do Metrô de São Paulo,Point(-46.60881 -23.487091),Estação Parada Inglesa
http://www.wikidata.org/entity/Q5244701,http://www.wikidata.org/entity/Q3362568,Linha 1 do Metrô de São Paulo,Point(-46.640595 -23.574903),Estação Paraíso
http://www.wikidata.org/entity/Q5244701,http://www.wikidata.org/entity/Q588499,Linha 2 do Metrô de São Paulo,Point(-46.640595 -23.574903),Estação Paraíso
http://www.wikidata.org/entity/Q7145249,http://www.wikidata.org/entity/Q3294315,Linha 3 do Metrô de São Paulo,Point(-46.501586 -23.531166),Estação Patriarca-Vila Ré
http://www.wikidata.org/entity/Q8779085,http://www.wikidata.org/entity/Q3308457,Linha 4 do Metrô de São Paulo,Point(-46.661944 -23.555278),Estação Paulista
http://www.wikidata.org/entity/Q7159656,http://www.wikidata.org/entity/Q3294315,Linha 3 do Metrô de São Paulo,Point(-46.62598 -23.5497),Estação Pedro II
http://www.wikidata.org/entity/Q7162810,http://www.wikidata.org/entity/Q3294315,Linha 3 do Metrô de São Paulo,Point(-46.542302 -23.533439),Estação Penha
http://www.wikidata.org/entity/Q8779091,http://www.wikidata.org/entity/Q3296728,Linha 7 do Trem Metropolitano de São Paulo,Point(-46.738899009 -23.454876135),Estação Perus
http://www.wikidata.org/entity/Q85793391,http://www.wikidata.org/entity/Q5245848,Linha 9 do Trem Metropolitano de São Paulo,Point(-46.70304 -23.56649),Estação Pinheiros
http://www.wikidata.org/entity/Q8779097,http://www.wikidata.org/entity/Q3296728,Linha 7 do Trem Metropolitano de São Paulo,Point(-46.7155 -23.5036),Estação Piqueri
http://www.wikidata.org/entity/Q8779100,http://www.wikidata.org/entity/Q3296728,Linha 7 do Trem Metropolitano de São Paulo,Point(-46.726 -23.4885),Estação Pirituba
http://www.wikidata.org/entity/Q7232599,http://www.wikidata.org/entity/Q3362568,Linha 1 do Metrô de São Paulo,Point(-46.62514 -23.516145),Estação Portuguesa-Tietê
http://www.wikidata.org/entity/Q10276060,http://www.wikidata.org/entity/Q5245830,Linha 11 do Trem Metropolitano de São Paulo,Point(-46.34358056 -23.52481389),Estação Poá
http://www.wikidata.org/entity/Q7239119,http://www.wikidata.org/entity/Q3362568,Linha 1 do Metrô de São Paulo,Point(-46.637861 -23.610576),Estação Praça da Árvore
http://www.wikidata.org/entity/Q10276068,http://www.wikidata.org/entity/Q10278788,Expresso Linha 10,Point(-46.528305555 -23.65225),Estação Prefeito Celso Daniel - Santo André
http://www.wikidata.org/entity/Q10276068,http://www.wikidata.org/entity/Q5245819,Linha 10 do Trem Metropolitano de São Paulo,Point(-46.528305555 -23.65225),Estação Prefeito Celso Daniel - Santo André
http://www.wikidata.org/entity/Q10276067,http://www.wikidata.org/entity/Q5245819,Linha 10 do Trem Metropolitano de São Paulo,Point(-46.5365893 -23.6384257),Estação Prefeito Saladino
http://www.wikidata.org/entity/Q10276070,http://www.wikidata.org/entity/Q5245848,Linha 9 do Trem Metropolitano de São Paulo,Point(-46.76175 -23.53125),Estação Presidente Altino
http://www.wikidata.org/entity/Q10276070,http://www.wikidata.org/entity/Q3296720,Linha 8 do Trem Metropolitano de São Paulo,Point(-46.76175 -23.53125),Estação Presidente Altino
http://www.wikidata.org/entity/Q17599941,http://www.wikidata.org/entity/Q5245848,Linha 9 do Trem Metropolitano de São Paulo,Point(-46.691734 -23.723465),Estação Primavera-Interlagos
http://www.wikidata.org/entity/Q10276083,http://www.wikidata.org/entity/Q3296720,Linha 8 do Trem Metropolitano de São Paulo,Point(-46.807138888 -23.52275),Estação Quitaúna
http://www.wikidata.org/entity/Q7314773,http://www.wikidata.org/entity/Q3308457,Linha 4 do Metrô de São Paulo,Point(-46.642799 -23.544081),Estação República
http://www.wikidata.org/entity/Q7314773,http://www.wikidata.org/entity/Q3294315,Linha 3 do Metrô de São Paulo,Point(-46.642799 -23.544081),Estação República
http://www.wikidata.org/entity/Q10276094,http://www.wikidata.org/entity/Q5245819,Linha 10 do Trem Metropolitano de São Paulo,Point(-46.41451986 -23.7137766),Estação Ribeirão Pires
http://www.wikidata.org/entity/Q10276096,http://www.wikidata.org/entity/Q5245819,Linha 10 do Trem Metropolitano de São Paulo,Point(-46.39175753 -23.7432607),Estação Rio Grande da Serra
http://www.wikidata.org/entity/Q7396901,http://www.wikidata.org/entity/Q588499,Linha 2 do Metrô de São Paulo,Point(-46.60256 -23.60128),Estação Sacomã
http://www.wikidata.org/entity/Q10276117,http://www.wikidata.org/entity/Q3296720,Linha 8 do Trem Metropolitano de São Paulo,Point(-46.91726 -23.52914),Estação Sagrado Coração
http://www.wikidata.org/entity/Q7419299,http://www.wikidata.org/entity/Q3294315,Linha 3 do Metrô de São Paulo,Point(-46.649644 -23.538711),Estação Santa Cecília
http://www.wikidata.org/entity/Q7419392,http://www.wikidata.org/entity/Q3362568,Linha 1 do Metrô de São Paulo,Point(-46.636681 -23.599162),Estação Santa Cruz
http://www.wikidata.org/entity/Q7419392,http://www.wikidata.org/entity/Q3308465,Linha 5 do Metrô de São Paulo,Point(-46.636681 -23.599162),Estação Santa Cruz
http://www.wikidata.org/entity/Q10344494,http://www.wikidata.org/entity/Q3296720,Linha 8 do Trem Metropolitano de São Paulo,Point(-46.94778 -23.54489),Estação Santa Rita
http://www.wikidata.org/entity/Q10276133,http://www.wikidata.org/entity/Q3296720,Linha 8 do Trem Metropolitano de São Paulo,Point(-46.84803 -23.51662),Estação Santa Terezinha
http://www.wikidata.org/entity/Q7420037,http://www.wikidata.org/entity/Q3362568,Linha 1 do Metrô de São Paulo,Point(-46.624727 -23.502484),Estação Santana
http://www.wikidata.org/entity/Q5244808,http://www.wikidata.org/entity/Q5245848,Linha 9 do Trem Metropolitano de São Paulo,Point(-46.720428 -23.655693),Estação Santo Amaro
http://www.wikidata.org/entity/Q7420602,http://www.wikidata.org/entity/Q588499,Linha 2 do Metrô de São Paulo,Point(-46.620741 -23.595935),Estação Santos-Imigrantes
http://www.wikidata.org/entity/Q3065820,http://www.wikidata.org/entity/Q588499,Linha 2 do Metrô de São Paulo,Point(-46.677588 -23.550637),Estação Santuário Nossa Senhora de Fátima-Sumaré
http://www.wikidata.org/entity/Q5244817,http://www.wikidata.org/entity/Q3362568,Linha 1 do Metrô de São Paulo,Point(-46.639345 -23.619133),Estação Saúde
http://www.wikidata.org/entity/Q10276152,http://www.wikidata.org/entity/Q5245848,Linha 9 do Trem Metropolitano de São Paulo,Point(-46.710815 -23.663486),Estação Socorro
http://www.wikidata.org/entity/Q10276155,http://www.wikidata.org/entity/Q5245830,Linha 11 do Trem Metropolitano de São Paulo,Point(-46.30806 -23.53411),Estação Suzano
http://www.wikidata.org/entity/Q7665407,http://www.wikidata.org/entity/Q3362568,Linha 1 do Metrô de São Paulo,Point(-46.633806 -23.543914),Estação São Bento
http://www.wikidata.org/entity/Q10276161,http://www.wikidata.org/entity/Q10278788,Expresso Linha 10,Point(-46.57006 -23.61006),Estação São Caetano do Sul - Prefeito Walter Braido
http://www.wikidata.org/entity/Q10276161,http://www.wikidata.org/entity/Q5245819,Linha 10 do Trem Metropolitano de São Paulo,Point(-46.57006 -23.61006),Estação São Caetano do Sul - Prefeito Walter Braido
http://www.wikidata.org/entity/Q7665498,http://www.wikidata.org/entity/Q3362568,Linha 1 do Metrô de São Paulo,Point(-46.638653 -23.561892),Estação São Joaquim
http://www.wikidata.org/entity/Q7665592,http://www.wikidata.org/entity/Q3362568,Linha 1 do Metrô de São Paulo,Point(-46.64075 -23.625609),Estação São Judas
http://www.wikidata.org/entity/Q18475809,http://www.wikidata.org/entity/Q5430612,Linha 15 do Metrô de São Paulo,Point(-46.544644 -23.5889),Estação São Lucas
http://www.wikidata.org/entity/Q10276169,http://www.wikidata.org/entity/Q5245789,Linha 12 do Trem Metropolitano de São Paulo,Point(-46.441644 -23.490633),Estação São Miguel Paulista
http://www.wikidata.org/entity/Q9290828,http://www.wikidata.org/entity/Q3308457,Linha 4 do Metrô de São Paulo,Point(-46.7238 -23.58572),Estação São Paulo-Morumbi
http://www.wikidata.org/entity/Q3132156,http://www.wikidata.org/entity/Q3362568,Linha 1 do Metrô de São Paulo,Point(-46.633522 -23.55059),Estação Sé
http://www.wikidata.org/entity/Q3132156,http://www.wikidata.org/entity/Q3294315,Linha 3 do Metrô de São Paulo,Point(-46.633522 -23.55059),Estação Sé
http://www.wikidata.org/entity/Q7680683,http://www.wikidata.org/entity/Q10278788,Expresso Linha 10,Point(-46.587932 -23.59447),Estação Tamanduateí
http://www.wikidata.org/entity/Q7680683,http://www.wikidata.org/entity/Q5245819,Linha 10 do Trem Metropolitano de São Paulo,Point(-46.587932 -23.59447),Estação Tamanduateí
http://www.wikidata.org/entity/Q7688505,http://www.wikidata.org/entity/Q3294315,Linha 3 do Metrô de São Paulo,Point(-46.576184 -23.540314),Estação Tatuapé
http://www.wikidata.org/entity/Q7688505,http://www.wikidata.org/entity/Q5245830,Linha 11 do Trem Metropolitano de São Paulo,Point(-46.576184 -23.540314),Estação Tatuapé
http://www.wikidata.org/entity/Q7688505,http://www.wikidata.org/entity/Q5245789,Linha 12 do Trem Metropolitano de São Paulo,Point(-46.576184 -23.540314),Estação Tatuapé
http://www.wikidata.org/entity/Q7809083,http://www.wikidata.org/entity/Q3362568,Linha 1 do Metrô de São Paulo,Point(-46.631963 -23.530832),Estação Tiradentes
http://www.wikidata.org/entity/Q3071513,http://www.wikidata.org/entity/Q588499,Linha 2 do Metrô de São Paulo,Point(-46.655127 -23.562549),Estação Trianon-Masp
http://www.wikidata.org/entity/Q3309828,http://www.wikidata.org/entity/Q3362568,Linha 1 do Metrô de São Paulo,Point(-46.603226 -23.480065),Estação Tucuruvi
http://www.wikidata.org/entity/Q10276198,http://www.wikidata.org/entity/Q5245789,Linha 12 do Trem Metropolitano de São Paulo,Point(-46.501093 -23.485556),Estação USP Leste
http://www.wikidata.org/entity/Q10276206,http://www.wikidata.org/entity/Q5245819,Linha 10 do Trem Metropolitano de São Paulo,Point(-46.544078 -23.6261442),Estação Utinga
http://www.wikidata.org/entity/Q18475846,http://www.wikidata.org/entity/Q5245848,Linha 9 do Trem Metropolitano de São Paulo,Point(-46.711944444 -23.770833333),Estação Varginha
http://www.wikidata.org/entity/Q7921287,http://www.wikidata.org/entity/Q3362568,Linha 1 do Metrô de São Paulo,Point(-46.63986 -23.568958),Estação Vergueiro
http://www.wikidata.org/entity/Q10276217,http://www.wikidata.org/entity/Q3296728,Linha 7 do Trem Metropolitano de São Paulo,Point(-46.747304 -23.437729),Estação Vila Aurora
http://www.wikidata.org/entity/Q8779178,http://www.wikidata.org/entity/Q3296728,Linha 7 do Trem Metropolitano de São Paulo,Point(-46.7444 -23.4698),Estação Vila Clarice
http://www.wikidata.org/entity/Q5244825,http://www.wikidata.org/entity/Q588499,Linha 2 do Metrô de São Paulo,Point(-46.69083 -23.546513),Estação Vila Madalena
http://www.wikidata.org/entity/Q5686126,http://www.wikidata.org/entity/Q3362568,Linha 1 do Metrô de São Paulo,Point(-46.634667 -23.589431),Estação Vila Mariana
http://www.wikidata.org/entity/Q7929998,http://www.wikidata.org/entity/Q3294315,Linha 3 do Metrô de São Paulo,Point(-46.530691 -23.531894),Estação Vila Matilde
http://www.wikidata.org/entity/Q10276222,http://www.wikidata.org/entity/Q5245848,Linha 9 do Trem Metropolitano de São Paulo,Point(-46.69271 -23.593477),Estação Vila Olímpia
http://www.wikidata.org/entity/Q18475862,http://www.wikidata.org/entity/Q5430612,Linha 15 do Metrô de São Paulo,Point(-46.52721 -23.60083),Estação Vila Tolstói
http://www.wikidata.org/entity/Q18475867,http://www.wikidata.org/entity/Q5430612,Linha 15 do Metrô de São Paulo,Point(-46.51554 -23.60296),Estação Vila União
http://www.wikidata.org/entity/Q5845376,http://www.wikidata.org/entity/Q3308465,Linha 5 do Metrô de São Paulo,Point(-46.745849 -23.640425),Estação Vila das Belezas
http://www.wikidata.org/entity/Q10276226,http://www.wikidata.org/entity/Q5245848,Linha 9 do Trem Metropolitano de São Paulo,Point(-46.732805555 -23.546027777),Estação Villa Lobos-Jaguaré
http://www.wikidata.org/entity/Q10276231,http://www.wikidata.org/entity/Q3296728,Linha 7 do Trem Metropolitano de São Paulo,Point(-46.82953666 -23.2090989),Estação Várzea Paulista
http://www.wikidata.org/entity/Q2983699,http://www.wikidata.org/entity/Q5245830,Linha 11 do Trem Metropolitano de São Paulo,Point(-46.63528 -23.53509),Estação da Luz
http://www.wikidata.org/entity/Q2983699,http://www.wikidata.org/entity/Q3296728,Linha 7 do Trem Metropolitano de São Paulo,Point(-46.63528 -23.53509),Estação da Luz
http://www.wikidata.org/entity/Q8842747,http://www.wikidata.org/entity/Q3296728,Linha 7 do Trem Metropolitano de São Paulo,Point(-46.6893 -23.5213),Estação Água Branca
http://www.wikidata.org/entity/Q111926727,http://www.wikidata.org/entity/Q3308465,Linha 5 do Metrô de São Paulo,Point(-46.720428 -23.655693),Santo Amaro
http://www.wikidata.org/entity/Q5170696,http://www.wikidata.org/entity/Q3294315,Linha 3 do Metrô de São Paulo,Point(-46.471159 -23.542207),Terminal Intermodal Corinthians-Itaquera
http://www.wikidata.org/entity/Q5170696,http://www.wikidata.org/entity/Q5245830,Linha 11 do Trem Metropolitano de São Paulo,Point(-46.471159 -23.542207),Terminal Intermodal Corinthians-Itaquera
http://www.wikidata.org/entity/Q5244789,http://www.wikidata.org/entity/Q3362568,Linha 1 do Metrô de São Paulo,Point(-46.640112 -23.647134),Terminal Intermodal Jabaquara
http://www.wikidata.org/entity/Q3293864,http://www.wikidata.org/entity/Q3296728,Linha 7 do Trem Metropolitano de São Paulo,Point(-46.667358 -23.525505),Terminal Intermodal Palmeiras-Barra Funda
http://www.wikidata.org/entity/Q3293864,http://www.wikidata.org/entity/Q3296720,Linha 8 do Trem Metropolitano de São Paulo,Point(-46.667358 -23.525505),Terminal Intermodal Palmeiras-Barra Funda
http://www.wikidata.org/entity/Q7195875,http://www.wikidata.org/entity/Q3308457,Linha 4 do Metrô de São Paulo,Point(-46.70193 -23.56726),Terminal Intermodal Pinheiros
http://www.wikidata.org/entity/Q48855691,http://www.wikidata.org/entity/Q5430612,Linha 15 do Metrô de São Paulo,Point(-46.50084 -23.61471),Terminal Intermodal Sapopemba
http://www.wikidata.org/entity/Q19707353,http://www.wikidata.org/entity/Q5430612,Linha 15 do Metrô de São Paulo,Point(-46.47745 -23.61227),Terminal Intermodal São Mateus
http://www.wikidata.org/entity/Q5692522,http://www.wikidata.org/entity/Q5430612,Linha 15 do Metrô de São Paulo,Point(-46.581999 -23.584519),Terminal Intermodal Vila Prudente
http://www.wikidata.org/entity/Q5692522,http://www.wikidata.org/entity/Q588499,Linha 2 do Metrô de São Paulo,Point(-46.581999 -23.584519),Terminal Intermodal Vila Prudente
http://www.wikidata.org/entity/Q7930027,http://www.wikidata.org/entity/Q3308457,Linha 4 do Metrô de São Paulo,Point(-46.73334 -23.59145),Terminal Intermodal Vila Sônia
http://www.wikidata.org/entity/Q10275996,http://www.wikidata.org/entity/Q5430578,Linha 17 do Metrô de São Paulo,Point(-46.701642 -23.621593),Estação Morumbi
http://www.wikidata.org/entity/Q18475286,http://www.wikidata.org/entity/Q5430578,Linha 17 do Metrô de São Paulo,Point(-46.695504 -23.613945),Estação Chucri Zaidan
http://www.wikidata.org/entity/Q18475857,http://www.wikidata.org/entity/Q5430578,Linha 17 do Metrô de São Paulo,Point(-46.688611 -23.615556),Estação Vila Cordeiro
http://www.wikidata.org/entity/Q8076578,http://www.wikidata.org/entity/Q5430578,Linha 17 do Metrô de São Paulo,Point(-46.683458 -23.618521),Estação Campo Belo
http://www.wikidata.org/entity/Q19707412,http://www.wikidata.org/entity/Q5430578,Linha 17 do Metrô de São Paulo,Point(-46.678611 -23.622222),Estação Vereador José Diniz
http://www.wikidata.org/entity/Q18475266,http://www.wikidata.org/entity/Q5430578,Linha 17 do Metrô de São Paulo,Point(-46.673611 -23.629444),Estação Brooklin Paulista
http://www.wikidata.org/entity/Q18475293,http://www.wikidata.org/entity/Q5430578,Linha 17 do Metrô de São Paulo,Point(-46.661764 -23.626944),Estação Aeroporto de Congonhas
